time,voltage,current,power
2025-11-25 10:00:00.000,224.5488582415346,0.7260503096378964,163.03376805510229
2025-11-25 10:00:01.000,212.9375987484306,0.8066606124361448,171.7683738170911
2025-11-25 10:00:02.000,221.2884449946396,1.169705073573419,258.8422168334023
2025-11-25 10:00:03.000,217.9425379921233,1.050584075462023,228.9669597803017
2025-11-25 10:00:04.000,215.53645670800523,1.176331941529913,253.54241858980583
2025-11-25 10:00:05.000,221.0230953437609,0.8767301858755264,193.7776194635197
2025-11-25 10:00:06.000,223.97304750329047,0.9223989183907196,206.5924967657084
2025-11-25 10:00:07.000,217.9284551220947,0.8882067750412499,193.5655303137175
2025-11-25 10:00:08.000,216.4544186402898,1.1819101351895158,255.82967119751297
2025-11-25 10:00:09.000,215.1814612822698,1.057595407436409,227.574925217584
2025-11-25 10:00:10.000,214.4556121957773,1.1523759427379945,247.13348827956253
2025-11-25 10:00:11.000,219.5563780809805,0.902914830865801,198.24070998049635
2025-11-25 10:00:12.000,217.48199364961835,0.8366992624601344,181.9670236849953
2025-11-25 10:00:13.000,226.10057263803523,1.090788610586099,246.62792948056384
2025-11-25 10:00:14.000,227.64307167339467,0.8056735344155899,183.40599814032527
2025-11-25 10:00:15.000,224.7449808435325,0.6921859335168007,155.56531436839603
2025-11-25 10:00:16.000,209.44636374009167,1.1870324682708984,248.6196341207654
2025-11-25 10:00:17.000,217.5591572562027,0.8399472466654314,182.73821512419903
2025-11-25 10:00:18.000,219.61845029588807,0.91431119183618,200.7996070392484
2025-11-25 10:00:19.000,223.23343228198937,1.2493835699243807,278.9041825509444
2025-11-25 10:00:20.000,224.4467291555223,1.249460616332032,280.4373485443675
2025-11-25 10:00:21.000,224.4883183150456,1.0773281324367192,241.8475807242078
2025-11-25 10:00:22.000,215.62485611138936,0.8892641751971204,191.7474598218924
2025-11-25 10:00:23.000,216.69416338131447,1.2669133616618429,274.53273098192176
2025-11-25 10:00:24.000,219.4479735207212,1.079670942173112,236.9316003290972
2025-11-25 10:00:25.000,218.9763662701965,0.958065041867449,209.7936015186377
2025-11-25 10:00:26.000,214.891509321057,1.0944287126121957,235.18343789753607
2025-11-25 10:00:27.000,227.06711789584995,1.041995551936515,236.60292683851983
2025-11-25 10:00:28.000,222.9562395029785,0.8257731378877273,184.1112735060222
2025-11-25 10:00:29.000,221.77219346800268,1.1250390121767726,249.50236946751784
2025-11-25 10:00:30.000,220.009919422916,1.021518839666251,224.7442776039625
2025-11-25 10:00:31.000,211.863421629385,0.9934392680550272,210.47344251112983
2025-11-25 10:00:32.000,221.83732209041003,1.1366465692085053,252.1506310764667
2025-11-25 10:00:33.000,231.10351024362927,1.0473644017442072,242.04958974730505
2025-11-25 10:00:34.000,222.37498295697057,1.0598666555089764,235.68782945547
2025-11-25 10:00:35.000,217.2293914756004,0.7101548470859909,154.26650528593785
2025-11-25 10:00:36.000,212.7272426110572,1.1569007783140066,246.1043125453245
2025-11-25 10:00:37.000,225.96383808926296,0.8255515554133681,186.5447980017655
2025-11-25 10:00:38.000,224.53787236546543,0.8531813324238653,191.57152112438763
2025-11-25 10:00:39.000,221.75840319179187,0.8937539568876884,198.1974503257593
2025-11-25 10:00:40.000,214.9544406897652,1.0200154625718834,219.2568532520513
2025-11-25 10:00:41.000,220.7078650429508,0.9101592288691812,200.8793002528554
2025-11-25 10:00:42.000,221.335768286244,1.1559636612021045,255.85610506314728
2025-11-25 10:00:43.000,218.0231957364103,1.1831930098661905,257.96352118400887
2025-11-25 10:00:44.000,213.99586385577507,0.9199476085033884,196.86498318373697
2025-11-25 10:00:45.000,224.3196597532379,1.058674433442925,237.4814886993688
2025-11-25 10:00:46.000,216.3434400736425,1.0048503692340205,217.3927856393578
2025-11-25 10:00:47.000,217.9738064920641,0.847663964947206,184.7685410656981
2025-11-25 10:00:48.000,218.8834854549156,0.884087620018891,193.51217971727584
2025-11-25 10:00:49.000,223.5743525775182,1.1031551399444337,246.6371962056382
2025-11-25 10:00:50.000,225.0222413508328,1.2355025710457173,278.0155577314238
2025-11-25 10:00:51.000,222.2411845556321,1.1224321084306652,249.45064136090667
2025-11-25 10:00:52.000,218.60620387872925,1.050582434932621,229.66383796229235
2025-11-25 10:00:53.000,226.60899513521883,1.146446799913221,259.7951573043223
2025-11-25 10:00:54.000,221.360984063297,0.9455728632787116,209.31293951892496
2025-11-25 10:00:55.000,220.89164418006084,1.0276034414019293,226.98901373636096
2025-11-25 10:00:56.000,224.3988070237557,1.2116018478992128,271.8820092563613
2025-11-25 10:00:57.000,221.9640143845368,1.0773311912034418,239.12875602119087
2025-11-25 10:00:58.000,218.6717336785716,0.9109177143976728,199.19195584586103
2025-11-25 10:00:59.000,224.81141153909613,1.057877910094104,237.82302620428456
2025-11-25 10:01:00.000,222.22923336604364,1.003897505794097,223.0953730907056
2025-11-25 10:01:01.000,226.842337413324,1.08629221712682,246.41706564695
2025-11-25 10:01:02.000,224.99475412215725,1.0555306932949011,237.4888688062765
2025-11-25 10:01:03.000,220.19408320936745,1.0739511935569213,236.4776984768721
2025-11-25 10:01:04.000,221.67681958026927,0.9221663042523608,204.4228934507544
2025-11-25 10:01:05.000,216.87920717122333,1.0059030450593154,218.15945490358365
2025-11-25 10:01:06.000,219.0954195265302,1.181103183474448,258.7742974874546
2025-11-25 10:01:07.000,215.44695604462152,1.0110308844260114,217.8235265166857
2025-11-25 10:01:08.000,224.42234565698124,1.19545571533225,268.286975763908
2025-11-25 10:01:09.000,217.96685560509587,1.05805568675892,230.6210710979321
2025-11-25 10:01:10.000,218.06012955076915,1.0154967998676498,221.4393637375312
2025-11-25 10:01:11.000,231.22949520400195,1.223468707859194,282.902051716174
2025-11-25 10:01:12.000,219.488543709616,0.7862327588947172,172.5690832665951
2025-11-25 10:01:13.000,216.91139963678853,0.6933094480208382,150.38672275160928
2025-11-25 10:01:14.000,216.57859025001343,0.8674087868345166,187.86217222309403
2025-11-25 10:01:15.000,212.8861468893448,0.9611847068266812,204.6229086852967
2025-11-25 10:01:16.000,213.85899593427413,0.8171420215725792,174.75317226921476
2025-11-25 10:01:17.000,208.05101697984472,1.1531234051628831,239.90849714739937
2025-11-25 10:01:18.000,219.8961671454768,0.7955407751138253,174.9363672554719
2025-11-25 10:01:19.000,217.8173707447636,0.9774346860037968,212.90225338008065
2025-11-25 10:01:20.000,220.5059241178416,1.203256508091666,265.3251882675599
2025-11-25 10:01:21.000,215.5115978143296,0.9288687678746134,200.18199232448552
2025-11-25 10:01:22.000,224.1190869372433,0.946825247272855,212.2016099079219
2025-11-25 10:01:23.000,224.2459368155312,1.2308664918050172,276.0168095496624
2025-11-25 10:01:24.000,216.4137847429276,1.1495674150526582,248.7822351086897
2025-11-25 10:01:25.000,218.61450810997027,1.0654834694559248,232.93014457441151
2025-11-25 10:01:26.000,231.0848147462672,0.9127956349801256,210.9332102105836
2025-11-25 10:01:27.000,222.1424286693529,1.278138052035791,283.9286910539464
2025-11-25 10:01:28.000,220.0396434904396,1.2178705585076006,267.97980351151494
2025-11-25 10:01:29.000,221.5142409062337,0.909235488129153,201.4086089579382
2025-11-25 10:01:30.000,215.278332483126,1.0274621090660023,221.1903295293247
2025-11-25 10:01:31.000,218.45023228418344,1.1194008437297132,244.5333743318668
2025-11-25 10:01:32.000,221.52514739703324,1.1413700683407857,252.8421726237544
2025-11-25 10:01:33.000,216.0544203705109,0.9136849915230716,197.4056812447524
2025-11-25 10:01:34.000,223.12909367132067,1.3391461379912846,298.80246406344463
2025-11-25 10:01:35.000,215.83588195954871,0.9707800631562372,209.52917112007285
2025-11-25 10:01:36.000,222.14209057719623,0.9284508798849674,206.248019455884
2025-11-25 10:01:37.000,218.0693367250092,0.785519387508663,171.2976918186496
2025-11-25 10:01:38.000,222.0844433941169,0.9626770387467668,213.79559431837245
2025-11-25 10:01:39.000,218.6353224422836,1.0632967263791884,232.47422262373848
2025-11-25 10:01:40.000,223.0436098181945,1.0476587316450958,233.6735853636733
2025-11-25 10:01:41.000,223.34438466924385,1.155894246300656,258.1624891827394
2025-11-25 10:01:42.000,220.99666446893755,1.1729293132768734,259.2134658920305
2025-11-25 10:01:43.000,217.1870011860287,0.880688091245407,191.2740055178376
2025-11-25 10:01:44.000,222.8353688124901,1.1861879893742366,264.32463809315414
2025-11-25 10:01:45.000,216.5569321443244,0.8473411494237595,183.4975997988549
2025-11-25 10:01:46.000,223.8225828006444,0.9096750535695068,203.6058199992416
2025-11-25 10:01:47.000,224.909869661976,1.1500056705325856,258.64762547001715
2025-11-25 10:01:48.000,227.76045262104373,1.0599133759232402,241.40635023937568
2025-11-25 10:01:49.000,225.63678423943207,0.9236537921964406,208.4102714217615
2025-11-25 10:01:50.000,212.89780990716508,0.9607437938444158,204.54024959137703
2025-11-25 10:01:51.000,216.5576514756173,0.8927177402486329,193.32485725886409
2025-11-25 10:01:52.000,224.7177913586068,0.9005375977113068,202.36681999307044
2025-11-25 10:01:53.000,224.6669563414607,0.5689979558398341,127.8350389030484
2025-11-25 10:01:54.000,221.14429356453755,0.8692086132559674,192.22052473870224
2025-11-25 10:01:55.000,226.01977715571235,1.105764644956941,249.9246786398332
2025-11-25 10:01:56.000,216.0287116396725,0.7113174331420509,153.66498864851616
2025-11-25 10:01:57.000,228.07231312193105,0.8136012360559881,185.55991586615144
2025-11-25 10:01:58.000,216.45427984616103,1.044439574027851,226.07341583902965
2025-11-25 10:01:59.000,228.4928809957639,1.2425996178182306,283.92516659952264
2025-11-25 10:02:00.000,221.3563298871032,0.7096781910444143,157.09175977051004
2025-11-25 10:02:01.000,222.85403221049305,0.92414973431561,205.9504946584896
2025-11-25 10:02:02.000,223.73331710851443,1.0066949130476126,225.2311922124099
2025-11-25 10:02:03.000,223.3691589610415,0.9041582142528296,201.9610598853717
2025-11-25 10:02:04.000,220.17449293133333,1.053375817426632,231.92648646803744
2025-11-25 10:02:05.000,217.4083917559536,0.9301807001284113,202.2290900573448
2025-11-25 10:02:06.000,222.3696149901133,1.1686762426251405,259.8780861206447
2025-11-25 10:02:07.000,222.6695550231575,1.012791085049885,225.51774023947868
2025-11-25 10:02:08.000,218.4873444246201,0.9478999205385428,207.10413641877463
2025-11-25 10:02:09.000,219.4910294318155,0.9147427524777562,200.77782840663508
2025-11-25 10:02:10.000,212.85669643733272,0.9113979306903688,193.99715266657304
2025-11-25 10:02:11.000,218.06150691488344,1.194874465639827,260.55612655153675
2025-11-25 10:02:12.000,222.8841934555275,0.9974751507850288,222.32144447465183
2025-11-25 10:02:13.000,219.4533892040383,1.06641972254261,234.029422426006
2025-11-25 10:02:14.000,217.12198003432167,0.8607866206524131,186.8956954631045
2025-11-25 10:02:15.000,212.23171444836004,0.6781935821573177,143.93418666912223
2025-11-25 10:02:16.000,204.57526185124743,0.9756887437361867,199.60178023514507
2025-11-25 10:02:17.000,226.3254165728443,1.12414942297486,254.4235864449077
2025-11-25 10:02:18.000,215.84209780583123,0.9250361015833968,199.6617327118884
2025-11-25 10:02:19.000,223.41063109633205,0.9323281027596534,208.29200982638005
2025-11-25 10:02:20.000,216.6484801616387,1.1293723889368397,244.6768115996854
2025-11-25 10:02:21.000,219.4937089404358,0.9593115799258009,210.5628567074233
2025-11-25 10:02:22.000,219.53163174107783,1.1218517130519303,246.28193713781377
2025-11-25 10:02:23.000,224.2913075244821,1.1521754487884155,258.42293790636074
2025-11-25 10:02:24.000,209.17066494578643,0.8839850052600731,184.903731352354
2025-11-25 10:02:25.000,217.7306100930792,1.183143720886955,257.6066041765126
2025-11-25 10:02:26.000,217.1255318633856,0.8734472168170702,189.64769150600023
2025-11-25 10:02:27.000,211.71665612745903,0.7741504651783296,163.90054782707287
2025-11-25 10:02:28.000,224.96139812573577,1.126724202701756,253.469451941892
2025-11-25 10:02:29.000,221.30393549601143,0.9960685339847504,220.4338865945679
2025-11-25 10:02:30.000,215.81755143262103,1.161429928002032,250.6569632219639
2025-11-25 10:02:31.000,219.3191709043786,0.9650767624238152,211.65983539387315
2025-11-25 10:02:32.000,212.13113416609497,1.14194701545201,242.24251554542204
2025-11-25 10:02:33.000,211.37758706714013,1.179593227506631,249.3395701510917
2025-11-25 10:02:34.000,219.0352961365625,1.0764299645800837,235.7761560620682
2025-11-25 10:02:35.000,228.8765974266894,1.0762986342867682,246.33956923054825
2025-11-25 10:02:36.000,223.38483078532192,0.7834936659083774,175.02059998031444
2025-11-25 10:02:37.000,211.8811109201145,0.8243570762678138,174.665693114482
2025-11-25 10:02:38.000,230.0788869945601,1.1024112569360942,253.6415550061306
2025-11-25 10:02:39.000,220.5459117432285,1.2528709915727376,276.3155751330522
2025-11-25 10:02:40.000,225.48293161447089,0.9801526007554848,221.0076818478948
2025-11-25 10:02:41.000,214.0443391626713,1.0632819544171512,227.5894832768128
2025-11-25 10:02:42.000,226.553531789214,0.8308418769638439,188.2301615845384
2025-11-25 10:02:43.000,213.2347938407095,0.9415478803349924,200.7707681543892
2025-11-25 10:02:44.000,219.3387922611207,1.2018423134807328,263.6106415271751
2025-11-25 10:02:45.000,219.2830275665736,0.7235729762462527,158.6672728966347
2025-11-25 10:02:46.000,219.39022442658768,0.9111481835670578,199.8970044786545
2025-11-25 10:02:47.000,222.99986251505533,0.8406566553712659,187.4663185701585
2025-11-25 10:02:48.000,215.89007782145868,1.1146292125483297,240.63738743913007
2025-11-25 10:02:49.000,211.0197826332075,1.038994386420402,219.24836957955603
2025-11-25 10:02:50.000,217.3564095806425,1.0425255641735316,226.5996135247926
2025-11-25 10:02:51.000,221.6242580072301,1.1138837808753614,246.86366644279008
2025-11-25 10:02:52.000,216.9810742267388,0.9056227337613252,196.50299361568813
2025-11-25 10:02:53.000,215.94461094236823,1.0737481439050471,231.87012518566544
2025-11-25 10:02:54.000,226.6658954968808,0.9264996225427432,210.00586662117288
2025-11-25 10:02:55.000,215.9078306518217,0.975972559579928,210.7201181146081
2025-11-25 10:02:56.000,220.44509502631533,1.0942834321137604,241.2294151780404
2025-11-25 10:02:57.000,215.08041304976533,0.8694876677160115,187.00976671403689
2025-11-25 10:02:58.000,224.4879998739678,1.0903217175145126,244.76414158398225
2025-11-25 10:02:59.000,219.2019907197418,0.7891863965217731,172.99122916651217
2025-11-25 10:03:00.000,227.89009911027816,0.9287473274157316,211.652320493177
2025-11-25 10:03:01.000,223.5081395623059,1.126355695485854,251.7496659834504
2025-11-25 10:03:02.000,215.05951213219453,0.9842338764024804,211.6688572830961
2025-11-25 10:03:03.000,222.74479886999967,0.7672615446865412,170.90351845188889
2025-11-25 10:03:04.000,223.1673569603613,1.242704077809802,277.3309845286767
2025-11-25 10:03:05.000,213.88121796900523,0.952998872575242,203.8285595894816
2025-11-25 10:03:06.000,218.9686713587179,1.0010028494081016,219.1882639611828
2025-11-25 10:03:07.000,223.83753673011864,1.0272542353295204,229.93805763174143
2025-11-25 10:03:08.000,224.35665298978472,1.004265350833388,225.3136128265908
2025-11-25 10:03:09.000,223.37049961916173,1.2837047144736506,286.7417634354527
2025-11-25 10:03:10.000,206.5030861928693,1.422538147265299,293.7585176373706
2025-11-25 10:03:11.000,224.87902101173376,1.0285063560196557,231.28950244604584
2025-11-25 10:03:12.000,228.36235915151343,0.7162588955792408,163.56657115773297
2025-11-25 10:03:13.000,218.3635738632369,0.8933754733033806,195.0806611522869
2025-11-25 10:03:14.000,224.25709295303943,1.0020466113373807,224.71606006196515
2025-11-25 10:03:15.000,211.27024366786284,0.85899587187565,181.48026716085687
2025-11-25 10:03:16.000,229.8179596282494,1.2661723894683687,290.98915508524567
2025-11-25 10:03:17.000,215.95532345158105,0.9189894541859044,198.4606648273089
2025-11-25 10:03:18.000,222.65597364769863,1.1836119709369253,263.53827581003264
2025-11-25 10:03:19.000,222.2157431346644,1.1827389923554803,262.8232241206172
2025-11-25 10:03:20.000,216.73855141677936,0.9649966617506156,209.1519785898562
2025-11-25 10:03:21.000,214.2944693970686,0.6892625308055722,147.70514831426075
2025-11-25 10:03:22.000,215.3183167110476,0.7424982467106196,159.87347264263474
2025-11-25 10:03:23.000,216.52476473694216,0.913729459560842,197.84505626462465
2025-11-25 10:03:24.000,219.3079769018668,0.8732263285459927,191.5054994908665
2025-11-25 10:03:25.000,221.0549194031948,0.8331203053812378,184.1653419592145
2025-11-25 10:03:26.000,218.33201841393665,0.7836696682588756,171.10018044074047
2025-11-25 10:03:27.000,217.25957782934591,0.8700846137733151,189.03421586419995
2025-11-25 10:03:28.000,216.8794725111464,0.867106729464315,188.0576500970859
2025-11-25 10:03:29.000,219.5455935042048,0.6829003362009377,149.92775961545587
2025-11-25 10:03:30.000,222.27741186347723,1.093418802260379,243.04230144930025
2025-11-25 10:03:31.000,225.9977372842296,1.025717067558478,231.8097363620313
2025-11-25 10:03:32.000,219.6649627703548,0.9209561173853276,202.3017912385785
2025-11-25 10:03:33.000,218.02555582470933,0.9066917161256592,197.68196536995643
2025-11-25 10:03:34.000,217.6800912299215,0.9946171792874984,216.50835832614985
2025-11-25 10:03:35.000,215.54877776025293,0.7240116666147349,156.05982982296985
2025-11-25 10:03:36.000,217.2250214468359,1.1604426151702365,252.07717196817697
2025-11-25 10:03:37.000,223.06021629140267,1.1187525035805574,249.5491754252274
2025-11-25 10:03:38.000,220.30271190892265,0.8512602419094566,187.53493983289883
2025-11-25 10:03:39.000,217.9598816196049,0.9060719023245672,197.4873245695129
2025-11-25 10:03:40.000,230.9955367652217,1.0990241098108158,253.8696641636694
2025-11-25 10:03:41.000,218.6569313396953,1.1817070277373227,258.38843242759515
2025-11-25 10:03:42.000,220.95599174720363,1.1103902314558405,245.3473748177322
2025-11-25 10:03:43.000,214.37991753722383,1.0000918889753798,214.3996166881884
2025-11-25 10:03:44.000,215.415845988045,0.8009416503754777,172.5355232026945
2025-11-25 10:03:45.000,229.7503531428869,1.2869129660666367,295.66870841796987
2025-11-25 10:03:46.000,226.13706326764867,1.1080196638541822,250.564312826792
2025-11-25 10:03:47.000,218.803881429312,0.9165049745081272,200.53484577165088
2025-11-25 10:03:48.000,218.32282242441244,1.019957463694577,222.67999222664525
2025-11-25 10:03:49.000,227.867054731712,0.836977260016333,190.71954311734007
2025-11-25 10:03:50.000,220.8285227543592,0.9530160904205603,210.4531354087072
2025-11-25 10:03:51.000,214.9476436108396,1.1091977716578474,238.4194473162484
2025-11-25 10:03:52.000,225.04548897775155,1.204838131694462,271.1433864862208
2025-11-25 10:03:53.000,219.11029570562343,1.1189423590158605,245.17179116151308
2025-11-25 10:03:54.000,213.4298195679024,0.9087503437387966,193.9544218964405
2025-11-25 10:03:55.000,223.6901073459641,0.8351265620830668,186.8095503198272
2025-11-25 10:03:56.000,217.31131816467044,1.3533830462040344,294.1054537523158
2025-11-25 10:03:57.000,222.23698955966967,0.8622066025728223,191.61419973425464
2025-11-25 10:03:58.000,214.1404560513677,1.086862821059703,232.74130016700096
2025-11-25 10:03:59.000,225.02809823093563,1.1385459879254716,256.2048384113307
2025-11-25 10:04:00.000,208.4783012851863,1.0946644485585009,228.21378471276145
2025-11-25 10:04:01.000,220.48226424662963,0.599189599034691,132.1106795081988
2025-11-25 10:04:02.000,224.20728920975623,0.7965494851769104,178.59220079294198
2025-11-25 10:04:03.000,218.86806618299937,0.8988092572520834,196.72064400214148
2025-11-25 10:04:04.000,225.6706516534183,1.0837849759504066,244.5784617749125
2025-11-25 10:04:05.000,225.10881761669964,0.8698849067959807,195.81876283145616
2025-11-25 10:04:06.000,226.20655082133788,1.027795501882132,232.494075430443
2025-11-25 10:04:07.000,216.1078899601772,0.7775139442298659,168.0268979021312
2025-11-25 10:04:08.000,220.2177706691245,0.9834699985719196,216.57757060547527
2025-11-25 10:04:09.000,220.0155358981869,0.8686484432505003,191.11615274888464
2025-11-25 10:04:10.000,208.75338440260663,1.0785624740436144,225.15356674625303
2025-11-25 10:04:11.000,226.63706454909777,1.0825366409507362,245.34292657191548
2025-11-25 10:04:12.000,216.24109061860435,1.114261422310716,240.94910519470653
2025-11-25 10:04:13.000,212.53727854568663,1.0567267862463334,224.59383531512523
2025-11-25 10:04:14.000,215.0924606427808,0.7320485615782258,157.45812641986882
2025-11-25 10:04:15.000,225.4887475076352,0.9334526268409182,210.48306368407057
2025-11-25 10:04:16.000,217.5797050044995,0.9445175181059318,205.50784296107065
2025-11-25 10:04:17.000,218.989951294181,0.6369137061551089,139.4777014895036
2025-11-25 10:04:18.000,215.824600239588,0.928445001682375,200.38127133254216
2025-11-25 10:04:19.000,211.12198154182545,0.8825283727102272,186.32113881346584
2025-11-25 10:04:20.000,225.071488647946,0.881453615547921,198.3900774254848
2025-11-25 10:04:21.000,226.78056606253577,0.989190789339014,224.3292471501481
2025-11-25 10:04:22.000,224.0086755436421,1.1096277851165424,248.5662504903818
2025-11-25 10:04:23.000,225.1306796402786,1.1580493047418836,260.7124270334924
2025-11-25 10:04:24.000,222.46354044528343,0.8843910644629014,196.74476733858995
2025-11-25 10:04:25.000,214.3525091586976,1.387849083227198,297.4889333233479
2025-11-25 10:04:26.000,228.75505563751904,0.989123245623775,226.26694308503005
2025-11-25 10:04:27.000,218.2201151543157,0.7075139832154211,154.39378289055784
2025-11-25 10:04:28.000,227.0831096634812,0.7822241169719502,177.6298849357611
2025-11-25 10:04:29.000,225.0216534067926,0.8816549965508282,198.3914650582274
2025-11-25 10:04:30.000,213.84559527660784,1.0791774689827869,230.777348263727
2025-11-25 10:04:31.000,217.8289188068328,0.8855334699086539,192.89479831746507
2025-11-25 10:04:32.000,212.79103828847147,0.9358032542199812,199.13054609920025
2025-11-25 10:04:33.000,218.01234654082123,1.0083324946656007,219.8289332554077
2025-11-25 10:04:34.000,224.0752710935808,0.8656930553262345,193.98040605605613
2025-11-25 10:04:35.000,219.23899213697152,1.1449454116813282,251.0166781088644
2025-11-25 10:04:36.000,225.27083875350664,1.0201708603609698,229.8147453854021
2025-11-25 10:04:37.000,228.6798162936988,0.9935640469127024,227.2080437240207
2025-11-25 10:04:38.000,215.0576620903973,0.933554908312882,200.7681360147837
2025-11-25 10:04:39.000,216.5149963532872,1.1819469566519685,255.9092410092798
2025-11-25 10:04:40.000,221.6736692892903,0.9896134413234244,219.37124271616528
2025-11-25 10:04:41.000,218.5059049828521,0.8823308813542987,192.7945077246385
2025-11-25 10:04:42.000,225.05260679994493,0.8541168529453789,192.22122426712272
2025-11-25 10:04:43.000,219.2351798616251,0.9313960233871292,204.1947747096797
2025-11-25 10:04:44.000,218.35398510069103,1.1437562342738388,249.7437317374523
2025-11-25 10:04:45.000,227.7338570234244,1.027761417372966,234.05607167820708
2025-11-25 10:04:46.000,220.7164219868465,0.9455182079107416,208.6913957734741
2025-11-25 10:04:47.000,216.6445995415865,1.1450166433195403,248.0616721604134
2025-11-25 10:04:48.000,211.75054273767967,1.0842385724514418,229.58810617371992
2025-11-25 10:04:49.000,222.6944072617937,1.2278079203997376,273.4259570647552
2025-11-25 10:04:50.000,226.8948754413948,0.8249344146348222,187.17339125588788
2025-11-25 10:04:51.000,215.96220285975565,0.9252555623383754,199.8202294508375
2025-11-25 10:04:52.000,219.9774352857629,0.9065882191456588,199.4289513079493
2025-11-25 10:04:53.000,227.182876784212,1.014677734033202,230.5174066265483
2025-11-25 10:04:54.000,221.53279548606773,1.0121932537122855,224.23400106702127
2025-11-25 10:04:55.000,226.30949262245213,1.101701906204864,249.3255994144112
2025-11-25 10:04:56.000,215.875571870175,0.8526244475634582,184.0607902082536
2025-11-25 10:04:57.000,216.89627826397503,0.8949931509869905,194.1206835208261
2025-11-25 10:04:58.000,216.6524653831606,1.036158575879102,224.4863099921121
2025-11-25 10:04:59.000,211.60986217021576,1.0495714249801302,222.0996645778423
2025-11-25 10:05:00.000,224.41407796465649,1.0187051273290093,228.6117718674076
2025-11-25 10:05:01.000,220.2458072435717,0.7862430278970736,173.16673036882102
2025-11-25 10:05:02.000,215.51224333941644,1.0531553006916416,226.96786143685333
2025-11-25 10:05:03.000,225.27753882410752,1.027855630877835,231.552786790659
2025-11-25 10:05:04.000,225.0988868642985,0.7369604868410284,165.88898525088706
2025-11-25 10:05:05.000,217.09629842320456,0.9762317378504348,211.93629669058163
2025-11-25 10:05:06.000,216.54103053495163,0.860892792779435,186.41861252857143
2025-11-25 10:05:07.000,220.61279332223165,0.8570587885749988,189.0781333888985
2025-11-25 10:05:08.000,223.57778254587365,0.7296091914025642,163.1244051388732
2025-11-25 10:05:09.000,227.8075092778856,0.8848343266435578,201.5719040762439
2025-11-25 10:05:10.000,224.2608965441291,0.9303396682401088,208.6388080900944
2025-11-25 10:05:11.000,218.1340720805252,0.7398736958513092,161.391662101314
2025-11-25 10:05:12.000,215.15371461127464,1.0022761574298618,215.64343833734944
2025-11-25 10:05:13.000,215.94833094443584,1.0173990816866043,219.705633594624
2025-11-25 10:05:14.000,216.8739682688885,1.0194488773681665,221.09192348209768
2025-11-25 10:05:15.000,222.12592840066984,0.8736119310938797,194.05186125613
2025-11-25 10:05:16.000,220.78074969463307,1.3221502145987605,291.90531558803434
2025-11-25 10:05:17.000,221.2490190438069,0.7674596538474957,169.79969556945804
2025-11-25 10:05:18.000,210.37963865267727,1.2026518950041287,253.0134710959261
2025-11-25 10:05:19.000,217.2180038278042,0.8969514352527859,194.83400029609413
2025-11-25 10:05:20.000,225.1667853285065,1.054744272784627,237.49337724656783
2025-11-25 10:05:21.000,224.6290487093697,1.161229315624419,260.8458365021456
2025-11-25 10:05:22.000,216.6739386804784,1.0334698795828068,223.9259893168464
2025-11-25 10:05:23.000,222.86207222139024,0.8823026085816394,196.6317876748424
2025-11-25 10:05:24.000,210.06165725325585,1.2882483788753267,270.6115894203714
2025-11-25 10:05:25.000,221.398168966432,1.093166778968319,242.0251232385181
2025-11-25 10:05:26.000,219.0636900976833,1.130639330641352,247.68202393986925
2025-11-25 10:05:27.000,224.82868204120047,1.2104348472769306,272.1404714100142
2025-11-25 10:05:28.000,227.4353324663048,1.2126047658259185,275.78916806584346
2025-11-25 10:05:29.000,223.10266145301176,0.983750693646223,219.4773979587188
2025-11-25 10:05:30.000,220.68128428408104,0.945003761413168,208.5446437219452
2025-11-25 10:05:31.000,214.36898796862027,0.716098330990695,153.50927450049335
2025-11-25 10:05:32.000,213.86535012200653,0.7603686508619388,162.6165077383863
2025-11-25 10:05:33.000,217.9944354271269,0.87856181736914,191.52158736521625
2025-11-25 10:05:34.000,218.0320631825145,0.8673411435943919,189.1081790209668
2025-11-25 10:05:35.000,220.50038389736625,1.0017787698202856,220.89260332560423
2025-11-25 10:05:36.000,213.62508100412808,0.9352480766920962,199.79244614230404
2025-11-25 10:05:37.000,215.1311366074653,0.939687418103718,202.15602231238728
2025-11-25 10:05:38.000,225.02490419150567,0.9562758709604168,215.18588624351645
2025-11-25 10:05:39.000,213.61263641720865,0.9314279494666252,198.9647799182404
2025-11-25 10:05:40.000,219.23359568369247,1.2993947722162815,284.8709881255679
2025-11-25 10:05:41.000,218.0534250659377,0.8520797373409358,185.7989051564756
2025-11-25 10:05:42.000,216.0917901963555,0.87900175524611,189.94506287687065
2025-11-25 10:05:43.000,223.1910768133584,0.9157009767029212,204.37628702936897
2025-11-25 10:05:44.000,224.2901048352129,0.8893142830627987,199.4643937796073
2025-11-25 10:05:45.000,222.6451651181082,1.2815119953809353,285.3224498124246
2025-11-25 10:05:46.000,226.94761794164515,1.0190483568380209,231.27059715173644
2025-11-25 10:05:47.000,213.91030300545748,1.041007217286452,222.68216928061304
2025-11-25 10:05:48.000,219.6705536891228,1.1016847966403147,242.0077092688665
2025-11-25 10:05:49.000,223.1255275402745,1.1347156824078222,253.1840352454679
2025-11-25 10:05:50.000,214.39711920699685,1.1418893575928082,244.81778872102635
2025-11-25 10:05:51.000,218.1233606347349,1.0686588342356873,233.0994562954862
2025-11-25 10:05:52.000,221.6001939678001,1.0161254382042226,225.1735942016716
2025-11-25 10:05:53.000,214.04948668701363,0.9128513262260493,195.39535780024545
2025-11-25 10:05:54.000,226.00758410297868,0.8645940180925317,195.40480525898013
2025-11-25 10:05:55.000,223.4818523090443,0.854990282423639,191.07481202226776
2025-11-25 10:05:56.000,224.786649967582,0.7643204885663508,171.80904212641556
2025-11-25 10:05:57.000,219.91278646093843,1.0384803785013297,228.3751137212374
2025-11-25 10:05:58.000,225.50722630106955,1.026511422998426,231.4857437667389
2025-11-25 10:05:59.000,217.7398744614183,0.8090421811896968,176.16074296623665
2025-11-25 10:06:00.000,227.06202922916583,1.0150196277279322,230.47241637933675
2025-11-25 10:06:01.000,211.38585928836176,1.2128343503650532,256.3760313263588
2025-11-25 10:06:02.000,221.69601937957285,0.9129727574511112,202.4024261289036
2025-11-25 10:06:03.000,214.55583999972023,1.1703548254100316,251.10646266357523
2025-11-25 10:06:04.000,221.25804024318725,1.1090192095550886,245.3794168982075
2025-11-25 10:06:05.000,210.8795333931438,1.1310118343567674,238.50724789127875
2025-11-25 10:06:06.000,223.3173174627537,0.8731699551468121,194.99397207245903
2025-11-25 10:06:07.000,220.566356613756,0.9655977079876216,212.9783684054231
2025-11-25 10:06:08.000,221.62161356457352,0.9328025193793196,206.7291994819442
2025-11-25 10:06:09.000,218.78602647161924,0.92637600873321,202.67812596937705
2025-11-25 10:06:10.000,217.258520813211,0.859551814977664,186.7449558843581
2025-11-25 10:06:11.000,209.9455475883335,1.0990172225629438,230.73377259998665
2025-11-25 10:06:12.000,216.11158429998832,1.0597550336810335,229.02533929869568
2025-11-25 10:06:13.000,222.6737378316936,0.8311540686552001,185.07618318147345
2025-11-25 10:06:14.000,216.8969527785989,0.9774819936344412,212.0128658152601
2025-11-25 10:06:15.000,213.0397872918213,0.8964663034486047,190.98299060097608
2025-11-25 10:06:16.000,221.0511872137712,1.0582473823153316,233.9268402266696
2025-11-25 10:06:17.000,225.11427114048607,0.7580614849643037,170.65045866741377
2025-11-25 10:06:18.000,216.39530252917115,0.916297337071332,198.2824394622248
2025-11-25 10:06:19.000,219.95560261231483,1.3897383558208467,305.68073752802195
2025-11-25 10:06:20.000,217.6491308481405,1.0479135714514027,228.0774780303686
2025-11-25 10:06:21.000,224.043968163814,0.8985130473448975,201.3064285741117
2025-11-25 10:06:22.000,224.0581175799873,1.211863353889658,271.5278218366868
2025-11-25 10:06:23.000,222.5214816259305,1.0513309249792313,233.94371510553853
2025-11-25 10:06:24.000,225.68361190961664,0.9661948416382592,218.0543416693624
2025-11-25 10:06:25.000,226.24375038543795,1.0184183558838995,230.41078829654504
2025-11-25 10:06:26.000,219.91786407289828,1.1118201373601038,244.5091098414704
2025-11-25 10:06:27.000,218.3474246131271,1.073455452403285,234.3862334691765
2025-11-25 10:06:28.000,225.06005666423715,0.8126444887507465,182.89381468612305
2025-11-25 10:06:29.000,219.91648280670955,0.914687429454212,201.1548423530805
2025-11-25 10:06:30.000,220.6365003947437,0.9950601729112436,219.5465942333253
2025-11-25 10:06:31.000,216.19554462978425,1.115785694641972,241.22789594324323
2025-11-25 10:06:32.000,221.9408081631281,0.8858874078770166,196.6145672457638
2025-11-25 10:06:33.000,213.16770642196207,1.0943496828008588,233.2800119062608
2025-11-25 10:06:34.000,222.7167178002714,1.1326705415336658,252.264665359434
2025-11-25 10:06:35.000,218.3713519060649,0.8898519829834697,194.31818052039296
2025-11-25 10:06:36.000,221.0250284924448,0.5808341288220882,128.37887987228638
2025-11-25 10:06:37.000,229.344866263906,1.1205532477333475,256.9931347429901
2025-11-25 10:06:38.000,220.30509783519256,0.9163651109141628,201.87990541270176
2025-11-25 10:06:39.000,215.20847617334127,1.0117556689731595,217.7383957794533
2025-11-25 10:06:40.000,221.7620275715041,0.97125457651214,215.38738417543468
2025-11-25 10:06:41.000,218.6246696075424,1.1151520613761532,243.7997509805313
2025-11-25 10:06:42.000,225.1114422145225,1.166588660307462,262.61245579292046
2025-11-25 10:06:43.000,222.7626273742848,1.055631346095104,235.1552121947983
2025-11-25 10:06:44.000,217.12534430200188,0.7719149143422989,167.60229154842193
2025-11-25 10:06:45.000,216.96109060026075,0.9769962624635994,211.9701746164811
2025-11-25 10:06:46.000,225.3078385074057,1.0970878584882668,247.18249404871
2025-11-25 10:06:47.000,220.96304932491904,0.9729796554248032,214.9925515937735
2025-11-25 10:06:48.000,218.45158692838163,0.9704376562493584,211.99364602273164
2025-11-25 10:06:49.000,219.2847545696288,0.7933975170386718,173.97997979997805
2025-11-25 10:06:50.000,218.3883552909432,0.7984707576536344,174.37671551189052
2025-11-25 10:06:51.000,226.0920870701598,0.836658061194476,189.1617672195325
2025-11-25 10:06:52.000,217.90491444253664,1.2605437286444183,274.67867334133814
2025-11-25 10:06:53.000,217.1283786413252,0.913728568421284,198.39640257957248
2025-11-25 10:06:54.000,210.01089725528112,0.9756311214100792,204.89316719750687
2025-11-25 10:06:55.000,220.25147707720305,0.8597487755381498,189.3609377275941
2025-11-25 10:06:56.000,224.2334247842491,1.1066959237556984,248.1582171785085
2025-11-25 10:06:57.000,219.839169328168,1.033597965036332,227.22531805287204
2025-11-25 10:06:58.000,215.67635399506247,0.992257183825789,214.00641163295464
2025-11-25 10:06:59.000,220.0185431402369,0.901012065666906,198.23936203980816
2025-11-25 10:07:00.000,216.70905861160023,0.8296173921898474,179.7856040692726
2025-11-25 10:07:01.000,216.70056818669488,1.206400512592226,261.4276765394554
2025-11-25 10:07:02.000,217.22721210700573,1.0953342229204592,237.9363995704049
2025-11-25 10:07:03.000,217.73005652131496,1.2190743800064392,265.429133662489
2025-11-25 10:07:04.000,218.32626341406103,0.8923894983574518,194.83206468633085
2025-11-25 10:07:05.000,216.4495595912801,1.2352674761547422,267.373101191126
2025-11-25 10:07:06.000,224.96151286470632,1.33129162870958,299.489378858626
2025-11-25 10:07:07.000,216.9065513049053,1.2597108689755634,273.239540230795
2025-11-25 10:07:08.000,226.8761145836677,1.2049157231325824,273.36659766509064
2025-11-25 10:07:09.000,221.4627184683492,1.0538496557748769,233.3884096248382
2025-11-25 10:07:10.000,226.4742546760569,0.718447820288117,162.709934623389
2025-11-25 10:07:11.000,218.11644514527708,1.3301222458512525,290.12153587372745
2025-11-25 10:07:12.000,222.9822387821494,1.0810725244025328,241.0599717771466
2025-11-25 10:07:13.000,215.85698250316548,1.1035716884401403,238.2136546426122
2025-11-25 10:07:14.000,226.4016104489087,1.1104341216035198,251.40407342845623
2025-11-25 10:07:15.000,222.9153637514884,1.2924565440271922,288.1084206448131
2025-11-25 10:07:16.000,223.2564713526725,1.225409881597195,273.58068612608594
2025-11-25 10:07:17.000,224.42879227421685,0.965632680176564,216.7157761925413
2025-11-25 10:07:18.000,219.80254309336743,1.2230441082576755,268.8282053103969
2025-11-25 10:07:19.000,220.32181654103127,0.8736465058304868,192.4833851792976
2025-11-25 10:07:20.000,229.95653243182,1.208103889795627,277.81138131479605
2025-11-25 10:07:21.000,227.4444586364132,0.7985741946394377,181.6312753807765
2025-11-25 10:07:22.000,223.41125093763785,0.8799724399679686,196.59574360388928
2025-11-25 10:07:23.000,225.6650134115681,1.0399941892264044,234.6903026597295
2025-11-25 10:07:24.000,219.51927382509888,1.065594853121654,233.9186083490284
2025-11-25 10:07:25.000,210.8770558139668,0.9854815156478014,207.815440578894
2025-11-25 10:07:26.000,219.6992371394035,1.1381723820654337,250.0556040729134
2025-11-25 10:07:27.000,216.74100467275207,0.9956812188306609,215.8049477031477
2025-11-25 10:07:28.000,212.8692938989919,0.9194901898087544,195.7312274516396
2025-11-25 10:07:29.000,216.92196730817497,0.9921641404839964,215.2221972464129
2025-11-25 10:07:30.000,229.58958530120964,1.1767163293707612,270.1618140773947
2025-11-25 10:07:31.000,223.2024702172445,1.098457727334563,245.17847817029488
2025-11-25 10:07:32.000,219.0872002159504,0.9455224556959828,207.1518675597428
2025-11-25 10:07:33.000,223.59678831467724,1.0411753325510749,232.8034604308864
2025-11-25 10:07:34.000,215.2597795045878,0.9320417174841112,200.6310945947071
2025-11-25 10:07:35.000,211.68991902671587,1.0651148407702935,225.4740743968169
2025-11-25 10:07:36.000,220.73304938409387,0.9362823268298334,206.668453085584
2025-11-25 10:07:37.000,213.42527616854755,0.8738391397104716,186.4993597195934
2025-11-25 10:07:38.000,221.8108981283985,0.8643028006298891,191.71178046260584
2025-11-25 10:07:39.000,217.5083259827209,0.8757478542122115,190.48244975265808
2025-11-25 10:07:40.000,215.2246535851872,0.9807916194296,211.0905365309904
2025-11-25 10:07:41.000,224.4004429300605,0.9752547160506324,218.8475902513923
2025-11-25 10:07:42.000,228.1347813742964,1.046240148391157,238.683767518228
2025-11-25 10:07:43.000,215.16233935697016,1.2814589416118092,275.7217036671039
2025-11-25 10:07:44.000,222.6878333083243,1.0647808786509068,237.1137468149042
2025-11-25 10:07:45.000,222.60344682637503,0.9362623496971963,208.4152261763568
2025-11-25 10:07:46.000,223.33678327627567,1.054536906922102,235.51688063809567
2025-11-25 10:07:47.000,223.4338065882825,1.1726105362703765,262.0008357644175
2025-11-25 10:07:48.000,216.33644530774887,1.2189610747375306,263.70570587723057
2025-11-25 10:07:49.000,220.25537118690417,0.8151613585466466,179.54366760391272
2025-11-25 10:07:50.000,219.8929499151021,1.0202328260294138,224.342005715829
2025-11-25 10:07:51.000,221.1138907248974,0.7393435544918698,163.47912991607254
2025-11-25 10:07:52.000,218.9472230065317,1.157210605417539,253.3680484898776
2025-11-25 10:07:53.000,217.3533521451516,0.9478301967780997,206.01407053411864
2025-11-25 10:07:54.000,219.69356398599533,0.8442597049345306,185.4784235068319
2025-11-25 10:07:55.000,211.0067596413256,1.2895226777318474,272.09800171220246
2025-11-25 10:07:56.000,216.1075552949497,1.0648711554944763,230.12670211801955
2025-11-25 10:07:57.000,219.8649601258212,0.8953685756916056,196.8601761923481
2025-11-25 10:07:58.000,224.20308537079296,1.1109794260461043,249.08501510300928
2025-11-25 10:07:59.000,219.63367840029065,0.8417883022633493,184.8850612604351
2025-11-25 10:08:00.000,213.32602331781789,0.8703200280587718,185.66191059962944
2025-11-25 10:08:01.000,217.4149390661001,0.8436392229103927,183.4197702428352
2025-11-25 10:08:02.000,222.7162082526084,1.1231897557038089,250.1525635385258
2025-11-25 10:08:03.000,221.6723468886265,0.7655245729466481,169.69562868599704
2025-11-25 10:08:04.000,219.3720477455404,0.9248804037859868,202.8929080982541
2025-11-25 10:08:05.000,219.91664114036195,1.253321364350703,275.6262247174624
2025-11-25 10:08:06.000,216.30396463270665,0.9363900973763492,202.5448905053105
2025-11-25 10:08:07.000,216.63642987379995,1.206909958770745,261.4606646472293
2025-11-25 10:08:08.000,216.2827818900726,1.0202755841517552,220.6680416348605
2025-11-25 10:08:09.000,215.87706404625743,0.9042361356906636,195.20384217743373
2025-11-25 10:08:10.000,228.2267387434444,1.0652229369405135,243.1123569326472
2025-11-25 10:08:11.000,228.8608099787052,0.7376507576329732,168.81934987328782
2025-11-25 10:08:12.000,214.6009795133796,0.8569638607969763,183.9052839345986
2025-11-25 10:08:13.000,221.57145470888187,1.0428978521880183,231.07639422206768
2025-11-25 10:08:14.000,225.38080143751432,0.8554104588825651,192.7930947809844
2025-11-25 10:08:15.000,223.9992356773902,1.0459681541145134,234.2960670645417
2025-11-25 10:08:16.000,222.8249695338129,0.9762872398675704,217.5411744797417
2025-11-25 10:08:17.000,218.87809051540887,1.23267888865539,269.80640136754806
2025-11-25 10:08:18.000,229.21791136921368,1.0424778550907274,238.9545965925544
2025-11-25 10:08:19.000,218.2723486623232,0.9189961039831464,200.591438027926
2025-11-25 10:08:20.000,232.33337370672643,0.9193545646750866,213.5967476436417
2025-11-25 10:08:21.000,227.29924385621817,0.7564489174374336,171.94026694938347
2025-11-25 10:08:22.000,212.5316924620396,0.6941967616861313,147.53881266282062
2025-11-25 10:08:23.000,219.13423000703108,0.8887789552401775,194.76189200300985
2025-11-25 10:08:24.000,213.74114201042576,1.145734410789378,244.8905814027639
2025-11-25 10:08:25.000,218.3259449037916,1.1397402459416408,248.8348661400886
2025-11-25 10:08:26.000,218.12114359170724,0.7245763781052831,158.0454282118616
2025-11-25 10:08:27.000,217.5411151000128,1.0882048318414776,236.72929257601697
2025-11-25 10:08:28.000,216.8702522790384,0.9904857632729094,214.8068973597917
2025-11-25 10:08:29.000,214.6243840909023,0.8480857487524194,182.01988148225973
2025-11-25 10:08:30.000,221.5038901168413,0.9384568410639182,207.87184100242013
2025-11-25 10:08:31.000,216.7175346051648,0.8782298506321917,190.3278080456708
2025-11-25 10:08:32.000,222.80911569362488,1.1459384869472071,255.3255409159977
2025-11-25 10:08:33.000,225.18481968070645,0.9069792303444776,204.23795443926707
2025-11-25 10:08:34.000,228.07843319792863,1.1006499370899738,251.03451315088
2025-11-25 10:08:35.000,218.17495082617447,1.0774160899402396,235.065202442041
2025-11-25 10:08:36.000,222.5423677291184,0.9362917642850654,208.3645861092721
2025-11-25 10:08:37.000,213.01996296214404,0.9497730069807152,202.3206107694761
2025-11-25 10:08:38.000,224.1828496382316,0.9810024741443456,219.923930155835
2025-11-25 10:08:39.000,213.95601743238385,0.9637111083778108,206.19179070386485
2025-11-25 10:08:40.000,221.9713574334921,1.145667082119316,254.30527738489263
2025-11-25 10:08:41.000,221.03357296921664,0.8402215155593619,185.717163669696
2025-11-25 10:08:42.000,236.5832605946348,1.0597793900933228,250.7260636192717
2025-11-25 10:08:43.000,226.7068997075107,0.8065285865268834,182.84559537699053
2025-11-25 10:08:44.000,226.0961628286532,1.1643525401865114,263.2556415159654
2025-11-25 10:08:45.000,222.4517382522594,1.1467406501832178,255.09445095778293
2025-11-25 10:08:46.000,217.34791106735744,1.1882692583180057,258.26784108097667
2025-11-25 10:08:47.000,222.9078942858956,1.0739542035598206,239.39287007500565
2025-11-25 10:08:48.000,214.7137125343818,1.327153347232536,284.9580222867294
2025-11-25 10:08:49.000,219.52905476338168,1.1790592887827107,258.83777117645354
2025-11-25 10:08:50.000,228.0687234018052,0.601587423922433,137.20327578856987
2025-11-25 10:08:51.000,218.4702940413576,1.0051665829531231,219.5990389383156
2025-11-25 10:08:52.000,223.12909891851297,1.0086171328090312,225.0518319974533
2025-11-25 10:08:53.000,216.8818548027212,1.0345193940086632,224.368485001986
2025-11-25 10:08:54.000,227.5310243427072,0.9240551290485632,210.2512100615521
2025-11-25 10:08:55.000,219.2410290707016,0.8071603814311039,176.9626726500552
2025-11-25 10:08:56.000,215.28488114499925,1.0646540131391893,229.20391267921684
2025-11-25 10:08:57.000,220.2061797614252,1.0714932805394357,235.94944194762613
2025-11-25 10:08:58.000,225.8581765976852,0.8007506505438001,180.8560818412329
2025-11-25 10:08:59.000,213.4853149741972,1.1628274509013157,248.2465846163102
2025-11-25 10:09:00.000,219.2624744097481,0.937199673273914,205.49271937804588
2025-11-25 10:09:01.000,225.60457045520764,0.7418469759489157,167.36406835244986
2025-11-25 10:09:02.000,220.04920114778355,0.9549918837318414,210.14520111780868
2025-11-25 10:09:03.000,219.5263577241674,0.9523057494916476,209.0562126256848
2025-11-25 10:09:04.000,221.39428961705235,1.1489513775181797,254.37127403017112
2025-11-25 10:09:05.000,214.78031242488169,1.1866576020837063,254.87069051689937
2025-11-25 10:09:06.000,210.82508619658884,0.8176179683579685,172.37437865494857
2025-11-25 10:09:07.000,223.35689401390087,1.032159867089098,230.5400220388217
2025-11-25 10:09:08.000,216.0706420426422,0.9588053110787788,207.169679158687
2025-11-25 10:09:09.000,218.81518594762687,0.953455263375378,208.6304907482269
2025-11-25 10:09:10.000,229.64878770588413,0.9872562865451168,226.72220936009904
2025-11-25 10:09:11.000,216.0534344829969,0.8617131985831363,186.17609609321545
2025-11-25 10:09:12.000,213.30159428295443,1.069383625870766,228.10123229832084
2025-11-25 10:09:13.000,228.1475635075573,1.1570575249182835,263.9798551481911
2025-11-25 10:09:14.000,219.48296077832072,0.7569625415720951,166.1403798225261
2025-11-25 10:09:15.000,210.30606392566835,1.018155795860706,214.12433789057133
2025-11-25 10:09:16.000,215.05855125214663,0.9226105453069788,198.41528724367183
2025-11-25 10:09:17.000,229.54725092213192,1.0040185175160374,230.4696905707208
2025-11-25 10:09:18.000,220.04641357950584,1.2645983774074347,278.2703375669684
2025-11-25 10:09:19.000,217.2092899351977,1.038293027359649,225.52689121745613
2025-11-25 10:09:20.000,222.58485651285008,0.8673809676584838,193.06586822824067
2025-11-25 10:09:21.000,233.59574426690364,0.8566365342570738,200.10664878600204
2025-11-25 10:09:22.000,222.9350963408092,1.093703908288434,243.8249861626015
2025-11-25 10:09:23.000,231.7112261105329,1.0296891219377602,238.5905289568764
2025-11-25 10:09:24.000,219.2475361732253,1.1582192481455476,253.9367165043168
2025-11-25 10:09:25.000,223.2648513189324,1.0730731661852906,239.57952090269487
2025-11-25 10:09:26.000,221.42519722765408,1.1520425608868077,255.09125125901303
2025-11-25 10:09:27.000,219.60654111407283,0.8425646741635495,185.0327137579629
2025-11-25 10:09:28.000,222.2737398514926,1.3153124471030015,292.3594166908027
2025-11-25 10:09:29.000,217.00396745490104,0.8587916341633082,186.36119183051585
2025-11-25 10:09:30.000,217.7711289090542,0.6720932742063297,146.36251105609497
2025-11-25 10:09:31.000,220.3082532926603,1.0891374048049585,239.9459592482815
2025-11-25 10:09:32.000,216.9458426518932,1.1180192099073063,242.5496195943444
2025-11-25 10:09:33.000,215.30861961246123,1.2464375203795723,268.3687419461047
2025-11-25 10:09:34.000,219.38289151804804,0.8407835887389045,184.4535348384622
2025-11-25 10:09:35.000,223.0931119930732,1.2420256920195645,277.0873768079949
2025-11-25 10:09:36.000,216.0188865318784,1.0794885043401363,233.18990473151905
2025-11-25 10:09:37.000,226.54351126735568,0.9848333342887204,223.1076015629042
2025-11-25 10:09:38.000,219.92833286203745,0.8382384506188959,184.35238498547105
2025-11-25 10:09:39.000,221.7238501856613,1.0245104990604927,227.1584124073258
2025-11-25 10:09:40.000,232.2424939915603,0.8508612408069314,197.6061366057553
2025-11-25 10:09:41.000,219.1838383256193,1.1498689507271995,252.0326901918401
2025-11-25 10:09:42.000,227.00490263432903,0.7231501272603997,164.15862422874972
2025-11-25 10:09:43.000,217.7792139033461,0.7716730856746231,168.05435798858892
2025-11-25 10:09:44.000,216.77358799752443,0.9325801190880312,202.1587385098712
2025-11-25 10:09:45.000,213.2872609143432,0.9820660637756372,209.4621807796363
2025-11-25 10:09:46.000,214.6433304614779,0.7359020416359751,157.9564651101469
2025-11-25 10:09:47.000,220.81512756725863,0.8598334218552759,189.8642267335653
2025-11-25 10:09:48.000,219.524212120548,1.058536950891304,232.3744901449008
2025-11-25 10:09:49.000,224.07152287859225,1.0018850693291472,224.493913233906
2025-11-25 10:09:50.000,215.2638664726606,1.290519350745233,277.8021851992065
2025-11-25 10:09:51.000,224.178311292348,1.0307377972545286,231.0690587737148
2025-11-25 10:09:52.000,223.20418081680987,1.1063738796249507,246.9472754788029
2025-11-25 10:09:53.000,223.56477395255243,1.121446502942893,250.7159339303083
2025-11-25 10:09:54.000,219.361591281046,1.032430103296745,226.47551034562863
2025-11-25 10:09:55.000,219.23970905041176,1.1990912596947838,262.8884189003761
2025-11-25 10:09:56.000,229.33903173210192,1.1201162167755856,256.886368582738
2025-11-25 10:09:57.000,218.41800849539555,0.9704057220516732,211.9540852430628
2025-11-25 10:09:58.000,220.3968667520072,1.0953934481744354,241.4212838383227
2025-11-25 10:09:59.000,214.17992332942487,0.9563899857600634,204.8395338231201
01:32:38,,,
01:32:49,,,
01:32:55,,,
01:32:57,,,
01:32:58,,,
01:33:00,,,
01:33:01,,,
01:33:03,,,
01:33:04,,,
01:33:06,,,
01:33:07,,,
01:33:09,,,
01:33:10,,,
01:33:12,,,
01:33:13,,,
01:33:14,,,
01:33:16,,,
01:33:17,,,
01:33:19,,,
01:33:20,,,
01:33:22,,,
01:33:23,,,
01:33:25,,,
01:33:26,,,
01:33:27,,,
01:33:29,,,
01:33:30,,,
01:33:32,,,
01:33:33,,,
01:33:35,,,
01:33:36,,,
01:33:38,,,
01:33:39,,,
01:33:41,,,
01:33:42,,,
01:33:44,,,
01:33:45,,,
01:33:47,,,
01:33:48,,,
01:33:49,,,
01:33:51,,,
01:33:52,,,
01:33:54,,,
01:33:55,,,
01:33:57,,,
01:33:58,,,
01:34:00,,,
01:34:01,,,
01:34:03,,,
01:34:04,,,
01:34:06,,,
01:34:07,,,
01:34:09,,,
01:34:10,,,
01:34:12,,,
01:34:13,,,
01:34:14,,,
01:34:16,,,
01:34:17,,,
01:34:19,,,
01:34:20,,,
01:34:22,,,
01:34:23,,,
01:34:25,,,
01:34:26,,,
01:34:28,,,
01:34:29,,,
01:34:31,,,
01:34:32,,,
01:34:34,,,
01:34:35,,,
01:34:36,,,
01:34:38,,,
01:34:39,,,
01:34:41,,,
01:34:42,,,
01:34:44,,,
01:34:45,,,
01:34:47,,,
01:34:48,,,
01:34:50,,,
01:34:51,,,
01:34:52,,,
01:34:54,,,
01:34:55,,,
01:34:57,,,
01:34:58,,,
01:35:00,,,
01:35:01,,,
01:35:03,,,
01:35:04,,,
01:35:06,,,
01:35:07,,,
01:35:09,,,
01:35:10,,,
01:35:12,,,
01:35:13,,,
01:35:15,,,
01:35:16,,,
01:35:17,,,
01:35:19,,,
01:35:20,,,
01:35:22,,,
01:35:23,,,
01:35:25,,,
01:35:26,,,
01:35:28,,,
01:35:29,,,
01:35:31,,,
01:35:32,,,
01:35:34,,,
01:35:35,,,
01:35:37,,,
01:35:38,,,
01:35:39,,,
01:35:41,,,
01:35:42,,,
01:35:44,,,
01:35:45,,,
01:35:47,,,
01:35:48,,,
01:35:50,,,
01:35:51,,,
01:35:53,,,
01:35:54,,,
01:35:56,,,
01:35:57,,,
01:35:59,,,
01:36:00,,,
01:36:02,,,
01:36:03,,,
01:36:05,,,
01:36:06,,,
01:36:08,,,
01:36:09,,,
01:36:11,,,
01:36:12,,,
01:36:14,,,
01:36:15,,,
01:36:17,,,
01:36:18,,,
01:36:19,,,
